student_id,student_code,name,gender,age,admission_year,program,institution_id,location_id,admission_date,graduation_date,dropout
1,pu-bsse-001,Ali Chaudhry,Male,17,2021,BSSE,1002,2,9/1/2021,9/1/2025,TRUE
2,pu-bsse-002,Sana Malik,Female,24,2020,BSSE,1002,2,9/1/2020,9/1/2024,TRUE
3,pu-bsse-003,Saad Farooq,Male,25,2019,BSSE,1003,1,9/1/2019,9/1/2023,FALSE
4,pu-bsit-004,Maham Butt,Female,21,2021,BSIT,1003,1,9/1/2021,9/1/2025,TRUE
5,pu-bsse-005,Usman Siddiqui,Male,17,2019,BSSE,1004,3,9/1/2019,9/1/2023,TRUE
6,pu-bscs-006,Maham Khan,Female,24,2019,BSCS,1001,1,9/1/2019,9/1/2023,TRUE
7,pu-bsit-007,Iqra Siddiqui,Female,22,2021,BSIT,1003,1,9/1/2021,9/1/2025,TRUE
8,pu-bsit-008,Fahad Siddiqui,Male,20,2019,BSIT,1001,1,9/1/2019,9/1/2023,FALSE
9,pu-bscs-009,Hira Chaudhry,Female,18,2020,BSCS,1002,2,9/1/2020,9/1/2024,FALSE
10,pu-bscs-010,Zain Qureshi,Male,18,2021,BSCS,1002,2,9/1/2021,9/1/2025,FALSE
11,pu-bsse-011,Zain Chaudhry,Male,17,2021,BSSE,1004,3,9/1/2021,9/1/2025,FALSE
12,pu-bsit-012,Nimra Farooq,Female,18,2018,BSIT,1002,2,9/1/2018,9/1/2022,FALSE
13,pu-bsit-013,Noman Farooq,Male,25,2019,BSIT,1002,2,9/1/2019,9/1/2023,FALSE
14,pu-bsse-014,Usman Butt,Male,23,2019,BSSE,1004,3,9/1/2019,9/1/2023,FALSE
15,pu-bscs-015,Iqra Butt,Female,17,2020,BSCS,1004,3,9/1/2020,9/1/2024,TRUE
16,pu-bsit-016,Ali Khan,Male,18,2019,BSIT,1004,3,9/1/2019,9/1/2023,FALSE
17,pu-bscs-017,Laiba Sheikh,Female,22,2020,BSCS,1002,2,9/1/2020,9/1/2024,TRUE
18,pu-bsse-018,Sana Malik,Female,23,2020,BSSE,1004,3,9/1/2020,9/1/2024,TRUE
19,pu-bsse-019,Zain Raza,Male,23,2019,BSSE,1001,1,9/1/2019,9/1/2023,FALSE
20,pu-bsit-020,Zainab Chaudhry,Female,22,2021,BSIT,1002,2,9/1/2021,9/1/2025,TRUE
21,pu-bsit-021,Fahad Qureshi,Male,25,2021,BSIT,1001,1,9/1/2021,9/1/2025,TRUE
22,pu-bsit-022,Laiba Khan,Female,17,2018,BSIT,1001,1,9/1/2018,9/1/2022,TRUE
23,pu-bsit-023,Usman Raza,Male,25,2018,BSIT,1003,1,9/1/2018,9/1/2022,TRUE
24,pu-bsit-024,Maryam Chaudhry,Female,21,2018,BSIT,1001,1,9/1/2018,9/1/2022,FALSE
25,pu-bsse-025,Bilal Farooq,Male,19,2018,BSSE,1004,3,9/1/2018,9/1/2022,FALSE
26,pu-bsit-026,Ahmed Siddiqui,Male,25,2019,BSIT,1001,1,9/1/2019,9/1/2023,TRUE
27,pu-bscs-027,Saad Butt,Male,25,2019,BSCS,1004,3,9/1/2019,9/1/2023,TRUE
28,pu-bsse-028,Bilal Chaudhry,Male,20,2019,BSSE,1003,1,9/1/2019,9/1/2023,FALSE
29,pu-bsse-029,Fahad Farooq,Male,22,2018,BSSE,1004,3,9/1/2018,9/1/2022,FALSE
30,pu-bsse-030,Noman Khan,Male,18,2019,BSSE,1004,3,9/1/2019,9/1/2023,TRUE
31,pu-bsit-031,Usman Khan,Male,25,2019,BSIT,1002,2,9/1/2019,9/1/2023,FALSE
32,pu-bsse-032,Sana Malik,Female,25,2018,BSSE,1004,3,9/1/2018,9/1/2022,TRUE
33,pu-bsse-033,Usman Butt,Male,18,2020,BSSE,1004,3,9/1/2020,9/1/2024,FALSE
34,pu-bsse-034,Usman Siddiqui,Male,21,2018,BSSE,1003,1,9/1/2018,9/1/2022,TRUE
35,pu-bsse-035,Iqra Chaudhry,Female,17,2018,BSSE,1003,1,9/1/2018,9/1/2022,TRUE
36,pu-bsit-036,Zainab Raza,Female,21,2021,BSIT,1001,1,9/1/2021,9/1/2025,TRUE
37,pu-bscs-037,Hira Siddiqui,Female,17,2018,BSCS,1003,1,9/1/2018,9/1/2022,TRUE
38,pu-bsse-038,Saad Farooq,Male,22,2018,BSSE,1003,1,9/1/2018,9/1/2022,FALSE
39,pu-bscs-039,Fatima Farooq,Female,22,2018,BSCS,1003,1,9/1/2018,9/1/2022,FALSE
40,pu-bscs-040,Zain Siddiqui,Male,25,2019,BSCS,1004,3,9/1/2019,9/1/2023,TRUE
41,pu-bsit-041,Fahad Siddiqui,Male,23,2020,BSIT,1001,1,9/1/2020,9/1/2024,FALSE
42,pu-bsit-042,Fahad Malik,Male,25,2019,BSIT,1004,3,9/1/2019,9/1/2023,TRUE
43,pu-bsse-043,Sana Farooq,Female,22,2019,BSSE,1004,3,9/1/2019,9/1/2023,FALSE
44,pu-bscs-044,Sana Javed,Female,19,2020,BSCS,1004,3,9/1/2020,9/1/2024,TRUE
45,pu-bscs-045,Noman Farooq,Male,20,2020,BSCS,1002,2,9/1/2020,9/1/2024,TRUE
46,pu-bsit-046,Hassan Raza,Male,25,2021,BSIT,1003,1,9/1/2021,9/1/2025,TRUE
47,pu-bsit-047,Bilal Qureshi,Male,18,2018,BSIT,1002,2,9/1/2018,9/1/2022,TRUE
48,pu-bsse-048,Fahad Qureshi,Male,20,2021,BSSE,1001,1,9/1/2021,9/1/2025,FALSE
49,pu-bsse-049,Hira Siddiqui,Female,19,2021,BSSE,1004,3,9/1/2021,9/1/2025,FALSE
50,pu-bscs-050,Hassan Khan,Male,23,2018,BSCS,1002,2,9/1/2018,9/1/2022,TRUE
51,pu-bsse-051,Saad Butt,Male,25,2018,BSSE,1002,2,9/1/2018,9/1/2022,FALSE
52,pu-bscs-052,Zainab Butt,Female,25,2018,BSCS,1003,1,9/1/2018,9/1/2022,FALSE
53,pu-bscs-053,Nimra Khan,Female,20,2021,BSCS,1001,1,9/1/2021,9/1/2025,FALSE
54,pu-bscs-054,Rizwan Butt,Male,24,2021,BSCS,1003,1,9/1/2021,9/1/2025,FALSE
55,pu-bsse-055,Fahad Chaudhry,Male,18,2019,BSSE,1002,2,9/1/2019,9/1/2023,TRUE
56,pu-bscs-056,Saad Khan,Male,18,2018,BSCS,1003,1,9/1/2018,9/1/2022,FALSE
57,pu-bsit-057,Usman Javed,Male,19,2019,BSIT,1001,1,9/1/2019,9/1/2023,FALSE
58,pu-bscs-058,Nimra Sheikh,Female,17,2019,BSCS,1004,3,9/1/2019,9/1/2023,FALSE
59,pu-bsse-059,Maryam Qureshi,Female,23,2019,BSSE,1003,1,9/1/2019,9/1/2023,FALSE
60,pu-bsse-060,Hassan Chaudhry,Male,19,2020,BSSE,1003,1,9/1/2020,9/1/2024,FALSE
61,pu-bsse-061,Laiba Sheikh,Female,22,2020,BSSE,1001,1,9/1/2020,9/1/2024,TRUE
62,pu-bsit-062,Iqra Raza,Female,23,2018,BSIT,1001,1,9/1/2018,9/1/2022,FALSE
63,pu-bsit-063,Hassan Qureshi,Male,23,2018,BSIT,1002,2,9/1/2018,9/1/2022,FALSE
64,pu-bsse-064,Bilal Raza,Male,20,2018,BSSE,1004,3,9/1/2018,9/1/2022,TRUE
65,pu-bsse-065,Sana Malik,Female,18,2020,BSSE,1004,3,9/1/2020,9/1/2024,TRUE
66,pu-bscs-066,Ahmed Chaudhry,Male,19,2018,BSCS,1003,1,9/1/2018,9/1/2022,TRUE
67,pu-bsse-067,Usman Javed,Male,17,2018,BSSE,1004,3,9/1/2018,9/1/2022,TRUE
68,pu-bsse-068,Fatima Sheikh,Female,23,2021,BSSE,1001,1,9/1/2021,9/1/2025,FALSE
69,pu-bsse-069,Ahmed Qureshi,Male,24,2021,BSSE,1001,1,9/1/2021,9/1/2025,FALSE
70,pu-bsit-070,Hassan Khan,Male,22,2019,BSIT,1002,2,9/1/2019,9/1/2023,TRUE
71,pu-bsit-071,Laiba Butt,Female,20,2018,BSIT,1004,3,9/1/2018,9/1/2022,TRUE
72,pu-bsit-072,Usman Farooq,Male,23,2018,BSIT,1002,2,9/1/2018,9/1/2022,FALSE
73,pu-bsit-073,Nimra Raza,Female,18,2019,BSIT,1002,2,9/1/2019,9/1/2023,FALSE
74,pu-bscs-074,Noman Qureshi,Male,21,2019,BSCS,1003,1,9/1/2019,9/1/2023,FALSE
75,pu-bsit-075,Usman Raza,Male,21,2019,BSIT,1004,3,9/1/2019,9/1/2023,TRUE
76,pu-bsit-076,Sana Butt,Female,17,2019,BSIT,1004,3,9/1/2019,9/1/2023,FALSE
77,pu-bsit-077,Hassan Siddiqui,Male,25,2021,BSIT,1002,2,9/1/2021,9/1/2025,TRUE
78,pu-bscs-078,Rizwan Qureshi,Male,18,2018,BSCS,1004,3,9/1/2018,9/1/2022,FALSE
79,pu-bsit-079,Sana Farooq,Female,17,2019,BSIT,1003,1,9/1/2019,9/1/2023,FALSE
80,pu-bsse-080,Maryam Raza,Female,21,2021,BSSE,1004,3,9/1/2021,9/1/2025,TRUE
81,pu-bscs-081,Ali Butt,Male,23,2018,BSCS,1004,3,9/1/2018,9/1/2022,TRUE
82,pu-bscs-082,Fatima Farooq,Female,21,2018,BSCS,1001,1,9/1/2018,9/1/2022,FALSE
83,pu-bscs-083,Usman Farooq,Male,17,2019,BSCS,1004,3,9/1/2019,9/1/2023,TRUE
84,pu-bscs-084,Noman Farooq,Male,20,2021,BSCS,1004,3,9/1/2021,9/1/2025,FALSE
85,pu-bscs-085,Hira Raza,Female,25,2020,BSCS,1003,1,9/1/2020,9/1/2024,TRUE
86,pu-bsse-086,Rizwan Siddiqui,Male,23,2019,BSSE,1004,3,9/1/2019,9/1/2023,TRUE
87,pu-bsit-087,Ayesha Farooq,Female,18,2018,BSIT,1002,2,9/1/2018,9/1/2022,TRUE
88,pu-bscs-088,Maham Chaudhry,Female,19,2019,BSCS,1004,3,9/1/2019,9/1/2023,TRUE
89,pu-bsit-089,Laiba Qureshi,Female,19,2018,BSIT,1002,2,9/1/2018,9/1/2022,TRUE
90,pu-bsit-090,Fatima Malik,Female,21,2019,BSIT,1002,2,9/1/2019,9/1/2023,TRUE
91,pu-bsit-091,Noman Farooq,Male,20,2021,BSIT,1002,2,9/1/2021,9/1/2025,TRUE
92,pu-bscs-092,Iqra Siddiqui,Female,20,2018,BSCS,1002,2,9/1/2018,9/1/2022,TRUE
93,pu-bsit-093,Ayesha Chaudhry,Female,20,2020,BSIT,1003,1,9/1/2020,9/1/2024,TRUE
94,pu-bsit-094,Fatima Malik,Female,23,2021,BSIT,1001,1,9/1/2021,9/1/2025,FALSE
95,pu-bsit-095,Ali Khan,Male,21,2019,BSIT,1003,1,9/1/2019,9/1/2023,TRUE
96,pu-bsit-096,Zainab Siddiqui,Female,25,2020,BSIT,1002,2,9/1/2020,9/1/2024,TRUE
97,pu-bsse-097,Rizwan Sheikh,Male,20,2018,BSSE,1004,3,9/1/2018,9/1/2022,TRUE
98,pu-bscs-098,Usman Javed,Male,24,2018,BSCS,1004,3,9/1/2018,9/1/2022,TRUE
99,pu-bscs-099,Rizwan Siddiqui,Male,20,2020,BSCS,1003,1,9/1/2020,9/1/2024,TRUE
100,pu-bsse-100,Bilal Sheikh,Male,25,2021,BSSE,1002,2,9/1/2021,9/1/2025,FALSE
101,pu-bscs-101,Ayesha Malik,Female,19,2020,BSCS,1003,1,9/1/2020,9/1/2024,FALSE
102,pu-bscs-102,Zainab Javed,Female,20,2020,BSCS,1001,1,9/1/2020,9/1/2024,TRUE
103,pu-bsse-103,Zainab Sheikh,Female,18,2018,BSSE,1004,3,9/1/2018,9/1/2022,TRUE
104,pu-bsse-104,Noman Javed,Male,24,2020,BSSE,1001,1,9/1/2020,9/1/2024,FALSE
105,pu-bsit-105,Sana Raza,Female,21,2020,BSIT,1004,3,9/1/2020,9/1/2024,FALSE
106,pu-bsit-106,Nimra Javed,Female,24,2020,BSIT,1004,3,9/1/2020,9/1/2024,FALSE
107,pu-bscs-107,Fahad Malik,Male,17,2019,BSCS,1002,2,9/1/2019,9/1/2023,TRUE
108,pu-bsit-108,Hassan Malik,Male,20,2018,BSIT,1003,1,9/1/2018,9/1/2022,TRUE
109,pu-bscs-109,Sana Farooq,Female,19,2018,BSCS,1004,3,9/1/2018,9/1/2022,TRUE
110,pu-bsse-110,Zainab Chaudhry,Female,18,2020,BSSE,1002,2,9/1/2020,9/1/2024,TRUE
111,pu-bscs-111,Fahad Butt,Male,19,2020,BSCS,1001,1,9/1/2020,9/1/2024,FALSE
112,pu-bsit-112,Saad Raza,Male,25,2021,BSIT,1003,1,9/1/2021,9/1/2025,FALSE
113,pu-bsit-113,Fahad Chaudhry,Male,24,2021,BSIT,1002,2,9/1/2021,9/1/2025,TRUE
114,pu-bsse-114,Laiba Siddiqui,Female,17,2021,BSSE,1002,2,9/1/2021,9/1/2025,TRUE
115,pu-bsse-115,Rizwan Butt,Male,25,2019,BSSE,1001,1,9/1/2019,9/1/2023,TRUE
116,pu-bsse-116,Sana Qureshi,Female,24,2018,BSSE,1001,1,9/1/2018,9/1/2022,FALSE
117,pu-bscs-117,Sana Siddiqui,Female,23,2020,BSCS,1002,2,9/1/2020,9/1/2024,FALSE
118,pu-bscs-118,Iqra Chaudhry,Female,23,2019,BSCS,1003,1,9/1/2019,9/1/2023,FALSE
119,pu-bsit-119,Maham Farooq,Female,23,2021,BSIT,1004,3,9/1/2021,9/1/2025,FALSE
120,pu-bsit-120,Iqra Sheikh,Female,25,2021,BSIT,1004,3,9/1/2021,9/1/2025,FALSE
121,pu-bsse-121,Maryam Qureshi,Female,21,2021,BSSE,1002,2,9/1/2021,9/1/2025,TRUE
122,pu-bsit-122,Saad Siddiqui,Male,19,2019,BSIT,1002,2,9/1/2019,9/1/2023,TRUE
123,pu-bscs-123,Usman Khan,Male,18,2019,BSCS,1004,3,9/1/2019,9/1/2023,FALSE
124,pu-bsse-124,Ali Siddiqui,Male,22,2019,BSSE,1003,1,9/1/2019,9/1/2023,TRUE
125,pu-bsse-125,Sana Khan,Female,23,2018,BSSE,1001,1,9/1/2018,9/1/2022,TRUE
126,pu-bscs-126,Fahad Farooq,Male,25,2021,BSCS,1001,1,9/1/2021,9/1/2025,FALSE
127,pu-bsse-127,Saad Javed,Male,19,2018,BSSE,1001,1,9/1/2018,9/1/2022,TRUE
128,pu-bscs-128,Fatima Malik,Female,17,2021,BSCS,1003,1,9/1/2021,9/1/2025,FALSE
129,pu-bsit-129,Maham Qureshi,Female,23,2018,BSIT,1003,1,9/1/2018,9/1/2022,TRUE
130,pu-bscs-130,Ahmed Chaudhry,Male,23,2020,BSCS,1004,3,9/1/2020,9/1/2024,TRUE
131,pu-bscs-131,Bilal Farooq,Male,17,2018,BSCS,1004,3,9/1/2018,9/1/2022,FALSE
132,pu-bsit-132,Ayesha Qureshi,Female,21,2020,BSIT,1003,1,9/1/2020,9/1/2024,TRUE
133,pu-bscs-133,Sana Qureshi,Female,17,2021,BSCS,1001,1,9/1/2021,9/1/2025,FALSE
134,pu-bsit-134,Laiba Malik,Female,17,2020,BSIT,1002,2,9/1/2020,9/1/2024,FALSE
135,pu-bsit-135,Usman Raza,Male,19,2020,BSIT,1003,1,9/1/2020,9/1/2024,FALSE
136,pu-bsse-136,Sana Malik,Female,20,2019,BSSE,1004,3,9/1/2019,9/1/2023,FALSE
137,pu-bscs-137,Zain Malik,Male,25,2018,BSCS,1001,1,9/1/2018,9/1/2022,FALSE
138,pu-bsse-138,Noman Khan,Male,18,2019,BSSE,1001,1,9/1/2019,9/1/2023,TRUE
139,pu-bsse-139,Hira Khan,Female,23,2019,BSSE,1003,1,9/1/2019,9/1/2023,FALSE
140,pu-bsse-140,Rizwan Malik,Male,24,2020,BSSE,1002,2,9/1/2020,9/1/2024,TRUE
141,pu-bsse-141,Sana Butt,Female,20,2018,BSSE,1004,3,9/1/2018,9/1/2022,FALSE
142,pu-bscs-142,Maryam Siddiqui,Female,24,2020,BSCS,1003,1,9/1/2020,9/1/2024,TRUE
143,pu-bscs-143,Maham Farooq,Female,19,2021,BSCS,1002,2,9/1/2021,9/1/2025,FALSE
144,pu-bsse-144,Rizwan Sheikh,Male,24,2021,BSSE,1003,1,9/1/2021,9/1/2025,FALSE
145,pu-bsit-145,Saad Qureshi,Male,18,2021,BSIT,1003,1,9/1/2021,9/1/2025,FALSE
146,pu-bscs-146,Nimra Raza,Female,24,2021,BSCS,1004,3,9/1/2021,9/1/2025,FALSE
147,pu-bscs-147,Ahmed Khan,Male,20,2020,BSCS,1004,3,9/1/2020,9/1/2024,TRUE
148,pu-bscs-148,Ayesha Siddiqui,Female,22,2021,BSCS,1002,2,9/1/2021,9/1/2025,FALSE
149,pu-bsse-149,Nimra Khan,Female,18,2019,BSSE,1004,3,9/1/2019,9/1/2023,TRUE
150,pu-bscs-150,Zainab Sheikh,Female,21,2020,BSCS,1002,2,9/1/2020,9/1/2024,TRUE
151,pu-bsit-151,Hassan Siddiqui,Male,21,2018,BSIT,1004,3,9/1/2018,9/1/2022,FALSE
152,pu-bsse-152,Iqra Chaudhry,Female,21,2020,BSSE,1001,1,9/1/2020,9/1/2024,TRUE
153,pu-bsse-153,Iqra Raza,Female,20,2020,BSSE,1004,3,9/1/2020,9/1/2024,TRUE
154,pu-bscs-154,Ayesha Farooq,Female,18,2021,BSCS,1002,2,9/1/2021,9/1/2025,TRUE
155,pu-bsit-155,Hassan Javed,Male,18,2020,BSIT,1002,2,9/1/2020,9/1/2024,TRUE
156,pu-bscs-156,Fatima Siddiqui,Female,18,2020,BSCS,1001,1,9/1/2020,9/1/2024,TRUE
157,pu-bscs-157,Ayesha Raza,Female,18,2021,BSCS,1003,1,9/1/2021,9/1/2025,FALSE
158,pu-bsse-158,Bilal Butt,Male,19,2018,BSSE,1002,2,9/1/2018,9/1/2022,TRUE
159,pu-bscs-159,Ali Chaudhry,Male,17,2018,BSCS,1004,3,9/1/2018,9/1/2022,FALSE
160,pu-bsse-160,Laiba Javed,Female,17,2020,BSSE,1001,1,9/1/2020,9/1/2024,TRUE
161,pu-bsit-161,Laiba Siddiqui,Female,18,2018,BSIT,1003,1,9/1/2018,9/1/2022,TRUE
162,pu-bsse-162,Iqra Farooq,Female,19,2020,BSSE,1003,1,9/1/2020,9/1/2024,TRUE
163,pu-bsit-163,Ahmed Javed,Male,20,2019,BSIT,1003,1,9/1/2019,9/1/2023,FALSE
164,pu-bscs-164,Maham Chaudhry,Female,25,2019,BSCS,1001,1,9/1/2019,9/1/2023,TRUE
165,pu-bsse-165,Zainab Raza,Female,25,2021,BSSE,1002,2,9/1/2021,9/1/2025,TRUE
166,pu-bscs-166,Laiba Butt,Female,21,2021,BSCS,1004,3,9/1/2021,9/1/2025,TRUE
167,pu-bscs-167,Zain Qureshi,Male,22,2020,BSCS,1004,3,9/1/2020,9/1/2024,FALSE
168,pu-bscs-168,Fatima Malik,Female,19,2019,BSCS,1002,2,9/1/2019,9/1/2023,FALSE
169,pu-bscs-169,Iqra Javed,Female,19,2021,BSCS,1003,1,9/1/2021,9/1/2025,TRUE
170,pu-bsit-170,Zainab Raza,Female,25,2019,BSIT,1004,3,9/1/2019,9/1/2023,FALSE
171,pu-bsit-171,Hira Qureshi,Female,22,2021,BSIT,1003,1,9/1/2021,9/1/2025,TRUE
172,pu-bsit-172,Ayesha Farooq,Female,21,2018,BSIT,1001,1,9/1/2018,9/1/2022,FALSE
173,pu-bscs-173,Fatima Sheikh,Female,25,2019,BSCS,1002,2,9/1/2019,9/1/2023,TRUE
174,pu-bsit-174,Nimra Farooq,Female,22,2021,BSIT,1003,1,9/1/2021,9/1/2025,TRUE
175,pu-bscs-175,Fahad Malik,Male,23,2018,BSCS,1004,3,9/1/2018,9/1/2022,FALSE
176,pu-bsit-176,Maham Farooq,Female,18,2020,BSIT,1001,1,9/1/2020,9/1/2024,FALSE
177,pu-bsse-177,Ali Siddiqui,Male,18,2018,BSSE,1003,1,9/1/2018,9/1/2022,TRUE
178,pu-bscs-178,Saad Javed,Male,19,2019,BSCS,1004,3,9/1/2019,9/1/2023,FALSE
179,pu-bscs-179,Hira Khan,Female,23,2019,BSCS,1004,3,9/1/2019,9/1/2023,TRUE
180,pu-bsit-180,Nimra Siddiqui,Female,22,2020,BSIT,1002,2,9/1/2020,9/1/2024,TRUE
181,pu-bsit-181,Maham Qureshi,Female,23,2021,BSIT,1001,1,9/1/2021,9/1/2025,FALSE
182,pu-bsit-182,Ali Malik,Male,19,2020,BSIT,1003,1,9/1/2020,9/1/2024,TRUE
183,pu-bscs-183,Rizwan Siddiqui,Male,21,2019,BSCS,1002,2,9/1/2019,9/1/2023,FALSE
184,pu-bscs-184,Sana Raza,Female,18,2019,BSCS,1002,2,9/1/2019,9/1/2023,FALSE
185,pu-bscs-185,Maham Chaudhry,Female,25,2019,BSCS,1002,2,9/1/2019,9/1/2023,FALSE
186,pu-bsit-186,Maham Khan,Female,21,2019,BSIT,1004,3,9/1/2019,9/1/2023,FALSE
187,pu-bsit-187,Fatima Qureshi,Female,20,2019,BSIT,1001,1,9/1/2019,9/1/2023,FALSE
188,pu-bscs-188,Maham Siddiqui,Female,24,2020,BSCS,1001,1,9/1/2020,9/1/2024,TRUE
189,pu-bsse-189,Maham Malik,Female,19,2020,BSSE,1002,2,9/1/2020,9/1/2024,FALSE
190,pu-bscs-190,Saad Chaudhry,Male,23,2019,BSCS,1003,1,9/1/2019,9/1/2023,FALSE
191,pu-bscs-191,Fatima Raza,Female,19,2021,BSCS,1004,3,9/1/2021,9/1/2025,TRUE
192,pu-bscs-192,Iqra Siddiqui,Female,18,2021,BSCS,1001,1,9/1/2021,9/1/2025,TRUE
193,pu-bsse-193,Maham Butt,Female,23,2019,BSSE,1003,1,9/1/2019,9/1/2023,TRUE
194,pu-bscs-194,Ahmed Chaudhry,Male,23,2020,BSCS,1001,1,9/1/2020,9/1/2024,FALSE
195,pu-bsit-195,Nimra Butt,Female,20,2019,BSIT,1002,2,9/1/2019,9/1/2023,TRUE
196,pu-bscs-196,Rizwan Butt,Male,25,2018,BSCS,1003,1,9/1/2018,9/1/2022,TRUE
197,pu-bsse-197,Ahmed Malik,Male,25,2018,BSSE,1001,1,9/1/2018,9/1/2022,TRUE
198,pu-bsse-198,Hassan Sheikh,Male,20,2018,BSSE,1003,1,9/1/2018,9/1/2022,FALSE
199,pu-bsit-199,Usman Butt,Male,25,2018,BSIT,1004,3,9/1/2018,9/1/2022,TRUE
200,pu-bsse-200,Ahmed Siddiqui,Male,19,2019,BSSE,1003,1,9/1/2019,9/1/2023,FALSE
201,pu-bsse-201,Laiba Javed,Female,25,2019,BSSE,1004,3,9/1/2019,9/1/2023,FALSE
202,pu-bsit-202,Bilal Butt,Male,23,2018,BSIT,1002,2,9/1/2018,9/1/2022,FALSE
203,pu-bsit-203,Fahad Malik,Male,23,2021,BSIT,1003,1,9/1/2021,9/1/2025,FALSE
204,pu-bsse-204,Fahad Butt,Male,18,2020,BSSE,1004,3,9/1/2020,9/1/2024,FALSE
205,pu-bsit-205,Usman Raza,Male,23,2020,BSIT,1001,1,9/1/2020,9/1/2024,FALSE
206,pu-bsse-206,Fatima Chaudhry,Female,22,2020,BSSE,1003,1,9/1/2020,9/1/2024,FALSE
207,pu-bscs-207,Maham Sheikh,Female,23,2021,BSCS,1001,1,9/1/2021,9/1/2025,FALSE
208,pu-bsit-208,Sana Qureshi,Female,21,2021,BSIT,1002,2,9/1/2021,9/1/2025,TRUE
209,pu-bsse-209,Usman Raza,Male,22,2018,BSSE,1002,2,9/1/2018,9/1/2022,FALSE
210,pu-bsit-210,Usman Qureshi,Male,25,2019,BSIT,1001,1,9/1/2019,9/1/2023,TRUE
211,pu-bsse-211,Hassan Malik,Male,25,2021,BSSE,1002,2,9/1/2021,9/1/2025,TRUE
212,pu-bscs-212,Ahmed Qureshi,Male,17,2018,BSCS,1002,2,9/1/2018,9/1/2022,TRUE
213,pu-bsse-213,Hira Malik,Female,24,2021,BSSE,1002,2,9/1/2021,9/1/2025,FALSE
214,pu-bscs-214,Hassan Sheikh,Male,23,2021,BSCS,1001,1,9/1/2021,9/1/2025,FALSE
215,pu-bsit-215,Zainab Javed,Female,20,2020,BSIT,1004,3,9/1/2020,9/1/2024,TRUE
216,pu-bsse-216,Fahad Sheikh,Male,20,2019,BSSE,1003,1,9/1/2019,9/1/2023,TRUE
217,pu-bsse-217,Sana Farooq,Female,19,2020,BSSE,1003,1,9/1/2020,9/1/2024,FALSE
218,pu-bsit-218,Rizwan Khan,Male,18,2019,BSIT,1003,1,9/1/2019,9/1/2023,TRUE
219,pu-bsit-219,Fatima Farooq,Female,17,2018,BSIT,1002,2,9/1/2018,9/1/2022,TRUE
220,pu-bsse-220,Maryam Malik,Female,17,2020,BSSE,1001,1,9/1/2020,9/1/2024,FALSE
221,pu-bsit-221,Iqra Qureshi,Female,25,2019,BSIT,1003,1,9/1/2019,9/1/2023,FALSE
222,pu-bsit-222,Bilal Chaudhry,Male,24,2018,BSIT,1001,1,9/1/2018,9/1/2022,TRUE
223,pu-bsse-223,Laiba Malik,Female,25,2020,BSSE,1004,3,9/1/2020,9/1/2024,FALSE
224,pu-bscs-224,Nimra Javed,Female,23,2019,BSCS,1003,1,9/1/2019,9/1/2023,FALSE
225,pu-bscs-225,Sana Javed,Female,20,2021,BSCS,1002,2,9/1/2021,9/1/2025,FALSE
226,pu-bsse-226,Fahad Butt,Male,20,2018,BSSE,1003,1,9/1/2018,9/1/2022,FALSE
227,pu-bsit-227,Fatima Malik,Female,19,2018,BSIT,1004,3,9/1/2018,9/1/2022,TRUE
228,pu-bsse-228,Hira Khan,Female,25,2018,BSSE,1001,1,9/1/2018,9/1/2022,TRUE
229,pu-bscs-229,Zain Sheikh,Male,25,2020,BSCS,1002,2,9/1/2020,9/1/2024,FALSE
230,pu-bscs-230,Zain Malik,Male,21,2021,BSCS,1004,3,9/1/2021,9/1/2025,FALSE
231,pu-bsse-231,Ayesha Qureshi,Female,22,2019,BSSE,1002,2,9/1/2019,9/1/2023,TRUE
232,pu-bsse-232,Nimra Qureshi,Female,22,2019,BSSE,1004,3,9/1/2019,9/1/2023,FALSE
233,pu-bsse-233,Maham Qureshi,Female,21,2020,BSSE,1003,1,9/1/2020,9/1/2024,FALSE
234,pu-bsit-234,Bilal Siddiqui,Male,17,2018,BSIT,1002,2,9/1/2018,9/1/2022,FALSE
235,pu-bsse-235,Ahmed Siddiqui,Male,18,2020,BSSE,1001,1,9/1/2020,9/1/2024,TRUE
236,pu-bsse-236,Rizwan Butt,Male,22,2018,BSSE,1004,3,9/1/2018,9/1/2022,TRUE
237,pu-bsit-237,Maryam Butt,Female,23,2020,BSIT,1001,1,9/1/2020,9/1/2024,FALSE
238,pu-bscs-238,Ayesha Khan,Female,23,2021,BSCS,1001,1,9/1/2021,9/1/2025,TRUE
239,pu-bscs-239,Nimra Siddiqui,Female,18,2021,BSCS,1001,1,9/1/2021,9/1/2025,TRUE
240,pu-bsit-240,Zain Farooq,Male,17,2021,BSIT,1004,3,9/1/2021,9/1/2025,FALSE
241,pu-bsse-241,Nimra Javed,Female,22,2019,BSSE,1001,1,9/1/2019,9/1/2023,TRUE
242,pu-bscs-242,Zain Chaudhry,Male,24,2018,BSCS,1001,1,9/1/2018,9/1/2022,FALSE
243,pu-bsit-243,Fatima Farooq,Female,19,2019,BSIT,1001,1,9/1/2019,9/1/2023,FALSE
244,pu-bsit-244,Ali Siddiqui,Male,22,2021,BSIT,1002,2,9/1/2021,9/1/2025,FALSE
245,pu-bsse-245,Ahmed Raza,Male,21,2020,BSSE,1003,1,9/1/2020,9/1/2024,FALSE
246,pu-bsit-246,Rizwan Sheikh,Male,24,2021,BSIT,1004,3,9/1/2021,9/1/2025,FALSE
247,pu-bsse-247,Maryam Butt,Female,18,2021,BSSE,1003,1,9/1/2021,9/1/2025,TRUE
248,pu-bscs-248,Laiba Raza,Female,18,2019,BSCS,1001,1,9/1/2019,9/1/2023,TRUE
249,pu-bsse-249,Ali Farooq,Male,19,2020,BSSE,1001,1,9/1/2020,9/1/2024,FALSE
250,pu-bsit-250,Zain Farooq,Male,18,2019,BSIT,1001,1,9/1/2019,9/1/2023,TRUE
251,pu-bsit-251,Zain Chaudhry,Male,19,2021,BSIT,1001,1,9/1/2021,9/1/2025,TRUE
252,pu-bsit-252,Hassan Raza,Male,19,2020,BSIT,1002,2,9/1/2020,9/1/2024,TRUE
253,pu-bscs-253,Ali Malik,Male,22,2021,BSCS,1002,2,9/1/2021,9/1/2025,FALSE
254,pu-bsit-254,Laiba Chaudhry,Female,25,2018,BSIT,1003,1,9/1/2018,9/1/2022,FALSE
255,pu-bsit-255,Nimra Chaudhry,Female,22,2021,BSIT,1004,3,9/1/2021,9/1/2025,TRUE
256,pu-bscs-256,Fahad Sheikh,Male,17,2020,BSCS,1004,3,9/1/2020,9/1/2024,FALSE
257,pu-bsit-257,Sana Chaudhry,Female,19,2018,BSIT,1001,1,9/1/2018,9/1/2022,FALSE
258,pu-bsit-258,Hira Qureshi,Female,25,2021,BSIT,1002,2,9/1/2021,9/1/2025,FALSE
259,pu-bsse-259,Nimra Butt,Female,20,2020,BSSE,1002,2,9/1/2020,9/1/2024,FALSE
260,pu-bscs-260,Hira Raza,Female,24,2019,BSCS,1002,2,9/1/2019,9/1/2023,FALSE
261,pu-bsit-261,Maham Qureshi,Female,20,2021,BSIT,1001,1,9/1/2021,9/1/2025,TRUE
262,pu-bscs-262,Hassan Butt,Male,18,2020,BSCS,1002,2,9/1/2020,9/1/2024,TRUE
263,pu-bscs-263,Fatima Butt,Female,21,2019,BSCS,1004,3,9/1/2019,9/1/2023,TRUE
264,pu-bscs-264,Laiba Farooq,Female,23,2020,BSCS,1001,1,9/1/2020,9/1/2024,TRUE
265,pu-bsse-265,Nimra Javed,Female,20,2021,BSSE,1004,3,9/1/2021,9/1/2025,FALSE
266,pu-bscs-266,Zain Malik,Male,21,2019,BSCS,1004,3,9/1/2019,9/1/2023,TRUE
267,pu-bsse-267,Rizwan Khan,Male,17,2018,BSSE,1002,2,9/1/2018,9/1/2022,TRUE
268,pu-bsse-268,Ahmed Chaudhry,Male,24,2020,BSSE,1002,2,9/1/2020,9/1/2024,FALSE
269,pu-bsse-269,Nimra Siddiqui,Female,22,2021,BSSE,1001,1,9/1/2021,9/1/2025,FALSE
270,pu-bscs-270,Zain Malik,Male,25,2018,BSCS,1003,1,9/1/2018,9/1/2022,FALSE
271,pu-bscs-271,Hassan Malik,Male,21,2020,BSCS,1001,1,9/1/2020,9/1/2024,TRUE
272,pu-bscs-272,Laiba Qureshi,Female,20,2020,BSCS,1002,2,9/1/2020,9/1/2024,FALSE
273,pu-bsse-273,Laiba Javed,Female,19,2020,BSSE,1004,3,9/1/2020,9/1/2024,FALSE
274,pu-bsse-274,Zain Farooq,Male,25,2020,BSSE,1003,1,9/1/2020,9/1/2024,FALSE
275,pu-bsit-275,Zainab Farooq,Female,22,2018,BSIT,1002,2,9/1/2018,9/1/2022,TRUE
276,pu-bscs-276,Laiba Javed,Female,18,2019,BSCS,1004,3,9/1/2019,9/1/2023,TRUE
277,pu-bscs-277,Fatima Chaudhry,Female,17,2018,BSCS,1002,2,9/1/2018,9/1/2022,TRUE
278,pu-bsit-278,Noman Butt,Male,23,2019,BSIT,1002,2,9/1/2019,9/1/2023,TRUE
279,pu-bsse-279,Ahmed Farooq,Male,23,2021,BSSE,1003,1,9/1/2021,9/1/2025,FALSE
280,pu-bscs-280,Usman Farooq,Male,19,2019,BSCS,1004,3,9/1/2019,9/1/2023,TRUE
281,pu-bsse-281,Ahmed Qureshi,Male,22,2021,BSSE,1002,2,9/1/2021,9/1/2025,TRUE
282,pu-bscs-282,Saad Malik,Male,18,2018,BSCS,1001,1,9/1/2018,9/1/2022,FALSE
283,pu-bsit-283,Nimra Farooq,Female,21,2019,BSIT,1004,3,9/1/2019,9/1/2023,TRUE
284,pu-bsit-284,Bilal Raza,Male,18,2021,BSIT,1004,3,9/1/2021,9/1/2025,TRUE
285,pu-bsse-285,Fahad Malik,Male,22,2018,BSSE,1001,1,9/1/2018,9/1/2022,FALSE
286,pu-bsit-286,Fatima Raza,Female,23,2018,BSIT,1001,1,9/1/2018,9/1/2022,TRUE
287,pu-bsit-287,Rizwan Raza,Male,23,2020,BSIT,1003,1,9/1/2020,9/1/2024,FALSE
288,pu-bscs-288,Maryam Chaudhry,Female,17,2020,BSCS,1002,2,9/1/2020,9/1/2024,TRUE
289,pu-bscs-289,Hassan Siddiqui,Male,21,2021,BSCS,1002,2,9/1/2021,9/1/2025,FALSE
290,pu-bsit-290,Fahad Qureshi,Male,22,2021,BSIT,1001,1,9/1/2021,9/1/2025,TRUE
291,pu-bscs-291,Zainab Malik,Female,21,2018,BSCS,1003,1,9/1/2018,9/1/2022,FALSE
292,pu-bscs-292,Bilal Siddiqui,Male,23,2020,BSCS,1004,3,9/1/2020,9/1/2024,TRUE
293,pu-bsit-293,Hassan Butt,Male,19,2019,BSIT,1002,2,9/1/2019,9/1/2023,FALSE
294,pu-bsit-294,Bilal Raza,Male,23,2018,BSIT,1004,3,9/1/2018,9/1/2022,FALSE
295,pu-bsit-295,Iqra Raza,Female,25,2021,BSIT,1003,1,9/1/2021,9/1/2025,FALSE
296,pu-bscs-296,Maham Siddiqui,Female,18,2020,BSCS,1003,1,9/1/2020,9/1/2024,TRUE
297,pu-bscs-297,Ayesha Chaudhry,Female,23,2020,BSCS,1003,1,9/1/2020,9/1/2024,TRUE
298,pu-bscs-298,Zain Chaudhry,Male,22,2020,BSCS,1002,2,9/1/2020,9/1/2024,TRUE
299,pu-bscs-299,Ali Qureshi,Male,21,2019,BSCS,1004,3,9/1/2019,9/1/2023,TRUE
300,pu-bsse-300,Ayesha Butt,Female,18,2021,BSSE,1002,2,9/1/2021,9/1/2025,TRUE
301,pu-bsit-301,Zain Siddiqui,Male,17,2019,BSIT,1002,2,9/1/2019,9/1/2023,TRUE
302,pu-bsit-302,Nimra Chaudhry,Female,19,2019,BSIT,1002,2,9/1/2019,9/1/2023,TRUE
303,pu-bsit-303,Rizwan Sheikh,Male,19,2020,BSIT,1002,2,9/1/2020,9/1/2024,FALSE
304,pu-bscs-304,Nimra Farooq,Female,20,2021,BSCS,1001,1,9/1/2021,9/1/2025,TRUE
305,pu-bsse-305,Fahad Siddiqui,Male,25,2019,BSSE,1002,2,9/1/2019,9/1/2023,TRUE
306,pu-bsit-306,Ayesha Qureshi,Female,20,2020,BSIT,1004,3,9/1/2020,9/1/2024,FALSE
307,pu-bsse-307,Noman Siddiqui,Male,22,2020,BSSE,1001,1,9/1/2020,9/1/2024,TRUE
308,pu-bsit-308,Laiba Chaudhry,Female,19,2021,BSIT,1001,1,9/1/2021,9/1/2025,TRUE
309,pu-bsit-309,Rizwan Siddiqui,Male,22,2020,BSIT,1003,1,9/1/2020,9/1/2024,FALSE
310,pu-bscs-310,Bilal Sheikh,Male,23,2020,BSCS,1001,1,9/1/2020,9/1/2024,FALSE
311,pu-bsse-311,Ahmed Siddiqui,Male,19,2021,BSSE,1003,1,9/1/2021,9/1/2025,TRUE
312,pu-bscs-312,Maryam Javed,Female,23,2021,BSCS,1004,3,9/1/2021,9/1/2025,TRUE
313,pu-bscs-313,Nimra Qureshi,Female,24,2021,BSCS,1001,1,9/1/2021,9/1/2025,TRUE
314,pu-bsit-314,Ayesha Siddiqui,Female,21,2019,BSIT,1004,3,9/1/2019,9/1/2023,TRUE
315,pu-bsse-315,Zain Javed,Male,18,2019,BSSE,1004,3,9/1/2019,9/1/2023,TRUE
316,pu-bsse-316,Fahad Chaudhry,Male,22,2018,BSSE,1002,2,9/1/2018,9/1/2022,FALSE
317,pu-bsit-317,Hira Siddiqui,Female,17,2021,BSIT,1002,2,9/1/2021,9/1/2025,TRUE
318,pu-bscs-318,Ali Javed,Male,24,2019,BSCS,1001,1,9/1/2019,9/1/2023,TRUE
319,pu-bsse-319,Fahad Malik,Male,25,2018,BSSE,1002,2,9/1/2018,9/1/2022,FALSE
320,pu-bscs-320,Bilal Butt,Male,22,2018,BSCS,1004,3,9/1/2018,9/1/2022,TRUE
321,pu-bscs-321,Ahmed Khan,Male,24,2021,BSCS,1003,1,9/1/2021,9/1/2025,TRUE
322,pu-bsit-322,Rizwan Malik,Male,20,2020,BSIT,1002,2,9/1/2020,9/1/2024,FALSE
323,pu-bsse-323,Hira Butt,Female,24,2019,BSSE,1002,2,9/1/2019,9/1/2023,FALSE
324,pu-bscs-324,Bilal Javed,Male,20,2021,BSCS,1003,1,9/1/2021,9/1/2025,FALSE
325,pu-bscs-325,Hassan Chaudhry,Male,21,2018,BSCS,1001,1,9/1/2018,9/1/2022,TRUE
326,pu-bsse-326,Hassan Malik,Male,20,2021,BSSE,1004,3,9/1/2021,9/1/2025,FALSE
327,pu-bsit-327,Ahmed Javed,Male,25,2018,BSIT,1002,2,9/1/2018,9/1/2022,TRUE
328,pu-bscs-328,Ali Chaudhry,Male,19,2019,BSCS,1003,1,9/1/2019,9/1/2023,FALSE
329,pu-bscs-329,Iqra Chaudhry,Female,23,2021,BSCS,1003,1,9/1/2021,9/1/2025,TRUE
330,pu-bsse-330,Ali Malik,Male,21,2021,BSSE,1003,1,9/1/2021,9/1/2025,TRUE
331,pu-bsit-331,Bilal Javed,Male,20,2018,BSIT,1003,1,9/1/2018,9/1/2022,FALSE
332,pu-bscs-332,Usman Qureshi,Male,24,2018,BSCS,1001,1,9/1/2018,9/1/2022,TRUE
333,pu-bsit-333,Saad Qureshi,Male,18,2019,BSIT,1004,3,9/1/2019,9/1/2023,FALSE
334,pu-bscs-334,Laiba Malik,Female,17,2019,BSCS,1003,1,9/1/2019,9/1/2023,FALSE
335,pu-bsit-335,Ali Sheikh,Male,18,2020,BSIT,1003,1,9/1/2020,9/1/2024,TRUE
336,pu-bsse-336,Saad Butt,Male,22,2018,BSSE,1002,2,9/1/2018,9/1/2022,FALSE
337,pu-bsse-337,Saad Raza,Male,22,2021,BSSE,1002,2,9/1/2021,9/1/2025,FALSE
338,pu-bscs-338,Rizwan Farooq,Male,17,2021,BSCS,1002,2,9/1/2021,9/1/2025,FALSE
339,pu-bscs-339,Rizwan Malik,Male,25,2019,BSCS,1001,1,9/1/2019,9/1/2023,FALSE
340,pu-bsit-340,Ayesha Siddiqui,Female,22,2018,BSIT,1001,1,9/1/2018,9/1/2022,TRUE
341,pu-bsse-341,Ahmed Chaudhry,Male,25,2021,BSSE,1002,2,9/1/2021,9/1/2025,FALSE
342,pu-bsit-342,Hira Raza,Female,21,2020,BSIT,1004,3,9/1/2020,9/1/2024,TRUE
343,pu-bscs-343,Ayesha Raza,Female,20,2021,BSCS,1002,2,9/1/2021,9/1/2025,FALSE
344,pu-bscs-344,Saad Chaudhry,Male,18,2018,BSCS,1002,2,9/1/2018,9/1/2022,TRUE
345,pu-bsse-345,Fahad Sheikh,Male,25,2020,BSSE,1002,2,9/1/2020,9/1/2024,TRUE
346,pu-bsse-346,Ali Siddiqui,Male,20,2018,BSSE,1002,2,9/1/2018,9/1/2022,FALSE
347,pu-bsse-347,Saad Farooq,Male,17,2018,BSSE,1001,1,9/1/2018,9/1/2022,FALSE
348,pu-bsit-348,Zainab Siddiqui,Female,22,2021,BSIT,1004,3,9/1/2021,9/1/2025,FALSE
349,pu-bsit-349,Hira Sheikh,Female,21,2019,BSIT,1004,3,9/1/2019,9/1/2023,FALSE
350,pu-bsse-350,Ayesha Sheikh,Female,18,2018,BSSE,1004,3,9/1/2018,9/1/2022,FALSE
351,pu-bscs-351,Fahad Farooq,Male,17,2019,BSCS,1002,2,9/1/2019,9/1/2023,TRUE
352,pu-bsit-352,Ahmed Javed,Male,20,2018,BSIT,1004,3,9/1/2018,9/1/2022,FALSE
353,pu-bsse-353,Saad Javed,Male,22,2018,BSSE,1004,3,9/1/2018,9/1/2022,FALSE
354,pu-bsse-354,Ahmed Khan,Male,23,2019,BSSE,1002,2,9/1/2019,9/1/2023,TRUE
355,pu-bscs-355,Ahmed Raza,Male,19,2020,BSCS,1003,1,9/1/2020,9/1/2024,TRUE
356,pu-bscs-356,Usman Khan,Male,17,2021,BSCS,1002,2,9/1/2021,9/1/2025,TRUE
357,pu-bsit-357,Maryam Siddiqui,Female,22,2021,BSIT,1004,3,9/1/2021,9/1/2025,TRUE
358,pu-bsse-358,Ayesha Farooq,Female,17,2019,BSSE,1003,1,9/1/2019,9/1/2023,FALSE
359,pu-bsse-359,Noman Khan,Male,18,2020,BSSE,1004,3,9/1/2020,9/1/2024,TRUE
360,pu-bscs-360,Bilal Chaudhry,Male,23,2019,BSCS,1001,1,9/1/2019,9/1/2023,FALSE
361,pu-bsit-361,Iqra Khan,Female,24,2019,BSIT,1002,2,9/1/2019,9/1/2023,TRUE
362,pu-bsit-362,Laiba Sheikh,Female,24,2020,BSIT,1004,3,9/1/2020,9/1/2024,TRUE
363,pu-bscs-363,Rizwan Javed,Male,19,2019,BSCS,1001,1,9/1/2019,9/1/2023,TRUE
364,pu-bsit-364,Maham Chaudhry,Female,22,2019,BSIT,1001,1,9/1/2019,9/1/2023,TRUE
365,pu-bsse-365,Nimra Javed,Female,23,2018,BSSE,1002,2,9/1/2018,9/1/2022,TRUE
366,pu-bsse-366,Iqra Sheikh,Female,23,2018,BSSE,1004,3,9/1/2018,9/1/2022,TRUE
367,pu-bsit-367,Zainab Malik,Female,20,2020,BSIT,1004,3,9/1/2020,9/1/2024,FALSE
368,pu-bsit-368,Zain Siddiqui,Male,23,2018,BSIT,1002,2,9/1/2018,9/1/2022,TRUE
369,pu-bsse-369,Hira Javed,Female,19,2020,BSSE,1004,3,9/1/2020,9/1/2024,TRUE
370,pu-bscs-370,Fatima Javed,Female,18,2018,BSCS,1001,1,9/1/2018,9/1/2022,TRUE
371,pu-bsit-371,Noman Qureshi,Male,24,2020,BSIT,1002,2,9/1/2020,9/1/2024,TRUE
372,pu-bscs-372,Fatima Javed,Female,21,2018,BSCS,1002,2,9/1/2018,9/1/2022,TRUE
373,pu-bsit-373,Noman Qureshi,Male,17,2019,BSIT,1003,1,9/1/2019,9/1/2023,TRUE
374,pu-bscs-374,Ahmed Qureshi,Male,22,2019,BSCS,1004,3,9/1/2019,9/1/2023,FALSE
375,pu-bscs-375,Fatima Farooq,Female,20,2018,BSCS,1001,1,9/1/2018,9/1/2022,TRUE
376,pu-bsit-376,Usman Chaudhry,Male,20,2021,BSIT,1001,1,9/1/2021,9/1/2025,FALSE
377,pu-bsse-377,Saad Malik,Male,22,2018,BSSE,1004,3,9/1/2018,9/1/2022,TRUE
378,pu-bscs-378,Fatima Siddiqui,Female,22,2020,BSCS,1001,1,9/1/2020,9/1/2024,FALSE
379,pu-bsit-379,Ali Khan,Male,23,2018,BSIT,1003,1,9/1/2018,9/1/2022,TRUE
380,pu-bsse-380,Ali Siddiqui,Male,18,2020,BSSE,1001,1,9/1/2020,9/1/2024,FALSE
381,pu-bscs-381,Zainab Siddiqui,Female,22,2021,BSCS,1004,3,9/1/2021,9/1/2025,FALSE
382,pu-bsse-382,Maham Chaudhry,Female,25,2020,BSSE,1004,3,9/1/2020,9/1/2024,FALSE
383,pu-bsse-383,Fahad Malik,Male,25,2019,BSSE,1003,1,9/1/2019,9/1/2023,TRUE
384,pu-bscs-384,Ayesha Chaudhry,Female,25,2018,BSCS,1003,1,9/1/2018,9/1/2022,FALSE
385,pu-bsit-385,Maham Raza,Female,18,2019,BSIT,1003,1,9/1/2019,9/1/2023,FALSE
386,pu-bsit-386,Rizwan Raza,Male,23,2018,BSIT,1003,1,9/1/2018,9/1/2022,FALSE
387,pu-bsit-387,Maryam Qureshi,Female,22,2021,BSIT,1004,3,9/1/2021,9/1/2025,TRUE
388,pu-bsit-388,Laiba Sheikh,Female,25,2021,BSIT,1004,3,9/1/2021,9/1/2025,TRUE
389,pu-bsit-389,Ahmed Farooq,Male,20,2019,BSIT,1004,3,9/1/2019,9/1/2023,TRUE
390,pu-bsse-390,Ahmed Javed,Male,17,2021,BSSE,1002,2,9/1/2021,9/1/2025,TRUE
391,pu-bscs-391,Saad Qureshi,Male,22,2020,BSCS,1003,1,9/1/2020,9/1/2024,FALSE
392,pu-bsse-392,Hira Farooq,Female,20,2018,BSSE,1004,3,9/1/2018,9/1/2022,TRUE
393,pu-bsse-393,Laiba Javed,Female,19,2019,BSSE,1001,1,9/1/2019,9/1/2023,FALSE
394,pu-bsse-394,Saad Javed,Male,19,2021,BSSE,1003,1,9/1/2021,9/1/2025,FALSE
395,pu-bsse-395,Noman Qureshi,Male,21,2020,BSSE,1003,1,9/1/2020,9/1/2024,TRUE
396,pu-bscs-396,Ayesha Siddiqui,Female,23,2020,BSCS,1004,3,9/1/2020,9/1/2024,FALSE
397,pu-bsse-397,Fahad Qureshi,Male,22,2020,BSSE,1004,3,9/1/2020,9/1/2024,TRUE
398,pu-bsse-398,Ayesha Khan,Female,19,2019,BSSE,1002,2,9/1/2019,9/1/2023,TRUE
399,pu-bscs-399,Fahad Butt,Male,25,2018,BSCS,1004,3,9/1/2018,9/1/2022,TRUE
400,pu-bsse-400,Fahad Qureshi,Male,21,2021,BSSE,1003,1,9/1/2021,9/1/2025,FALSE
401,pu-bsit-401,Maham Butt,Female,17,2021,BSIT,1004,3,9/1/2021,9/1/2025,TRUE
402,pu-bsse-402,Nimra Chaudhry,Female,19,2019,BSSE,1003,1,9/1/2019,9/1/2023,FALSE
403,pu-bscs-403,Bilal Raza,Male,17,2019,BSCS,1002,2,9/1/2019,9/1/2023,FALSE
404,pu-bsse-404,Saad Butt,Male,19,2021,BSSE,1001,1,9/1/2021,9/1/2025,FALSE
405,pu-bsse-405,Laiba Chaudhry,Female,19,2020,BSSE,1002,2,9/1/2020,9/1/2024,FALSE
406,pu-bsse-406,Zain Sheikh,Male,19,2019,BSSE,1003,1,9/1/2019,9/1/2023,FALSE
407,pu-bscs-407,Laiba Siddiqui,Female,23,2021,BSCS,1001,1,9/1/2021,9/1/2025,TRUE
408,pu-bsit-408,Maryam Sheikh,Female,17,2018,BSIT,1001,1,9/1/2018,9/1/2022,TRUE
409,pu-bsit-409,Usman Malik,Male,19,2018,BSIT,1004,3,9/1/2018,9/1/2022,TRUE
410,pu-bsse-410,Ali Javed,Male,17,2020,BSSE,1002,2,9/1/2020,9/1/2024,FALSE
411,pu-bsse-411,Fatima Javed,Female,19,2020,BSSE,1002,2,9/1/2020,9/1/2024,TRUE
412,pu-bsit-412,Rizwan Javed,Male,21,2019,BSIT,1002,2,9/1/2019,9/1/2023,TRUE
413,pu-bsse-413,Maham Khan,Female,21,2021,BSSE,1002,2,9/1/2021,9/1/2025,FALSE
414,pu-bsse-414,Zain Qureshi,Male,21,2021,BSSE,1004,3,9/1/2021,9/1/2025,TRUE
415,pu-bscs-415,Usman Khan,Male,22,2019,BSCS,1003,1,9/1/2019,9/1/2023,FALSE
416,pu-bscs-416,Usman Qureshi,Male,24,2019,BSCS,1002,2,9/1/2019,9/1/2023,FALSE
417,pu-bsse-417,Bilal Farooq,Male,19,2018,BSSE,1004,3,9/1/2018,9/1/2022,FALSE
418,pu-bsit-418,Ayesha Khan,Female,19,2021,BSIT,1004,3,9/1/2021,9/1/2025,TRUE
419,pu-bsit-419,Rizwan Farooq,Male,17,2020,BSIT,1002,2,9/1/2020,9/1/2024,FALSE
420,pu-bsit-420,Saad Javed,Male,23,2021,BSIT,1004,3,9/1/2021,9/1/2025,TRUE
421,pu-bsse-421,Saad Farooq,Male,20,2021,BSSE,1004,3,9/1/2021,9/1/2025,TRUE
422,pu-bscs-422,Laiba Raza,Female,22,2021,BSCS,1001,1,9/1/2021,9/1/2025,TRUE
423,pu-bsit-423,Maryam Siddiqui,Female,19,2018,BSIT,1002,2,9/1/2018,9/1/2022,FALSE
424,pu-bscs-424,Ahmed Javed,Male,17,2020,BSCS,1001,1,9/1/2020,9/1/2024,FALSE
425,pu-bsit-425,Laiba Javed,Female,21,2019,BSIT,1004,3,9/1/2019,9/1/2023,TRUE
426,pu-bsit-426,Fatima Khan,Female,25,2018,BSIT,1004,3,9/1/2018,9/1/2022,FALSE
427,pu-bscs-427,Fahad Javed,Male,18,2020,BSCS,1004,3,9/1/2020,9/1/2024,FALSE
428,pu-bsse-428,Hassan Qureshi,Male,17,2018,BSSE,1001,1,9/1/2018,9/1/2022,TRUE
429,pu-bsse-429,Maham Qureshi,Female,22,2018,BSSE,1002,2,9/1/2018,9/1/2022,FALSE
430,pu-bsit-430,Nimra Farooq,Female,22,2020,BSIT,1002,2,9/1/2020,9/1/2024,TRUE
431,pu-bsit-431,Nimra Raza,Female,19,2019,BSIT,1004,3,9/1/2019,9/1/2023,FALSE
432,pu-bsit-432,Iqra Raza,Female,17,2020,BSIT,1002,2,9/1/2020,9/1/2024,TRUE
433,pu-bscs-433,Ali Javed,Male,24,2020,BSCS,1001,1,9/1/2020,9/1/2024,FALSE
434,pu-bsit-434,Bilal Malik,Male,24,2020,BSIT,1001,1,9/1/2020,9/1/2024,FALSE
435,pu-bsit-435,Rizwan Qureshi,Male,17,2018,BSIT,1001,1,9/1/2018,9/1/2022,TRUE
436,pu-bsse-436,Maryam Chaudhry,Female,22,2020,BSSE,1003,1,9/1/2020,9/1/2024,TRUE
437,pu-bscs-437,Rizwan Qureshi,Male,22,2018,BSCS,1003,1,9/1/2018,9/1/2022,FALSE
438,pu-bscs-438,Saad Javed,Male,24,2019,BSCS,1002,2,9/1/2019,9/1/2023,TRUE
439,pu-bsse-439,Hira Butt,Female,24,2018,BSSE,1004,3,9/1/2018,9/1/2022,FALSE
440,pu-bsit-440,Maryam Chaudhry,Female,24,2021,BSIT,1003,1,9/1/2021,9/1/2025,FALSE
441,pu-bscs-441,Rizwan Malik,Male,20,2020,BSCS,1001,1,9/1/2020,9/1/2024,TRUE
442,pu-bscs-442,Ali Raza,Male,21,2019,BSCS,1002,2,9/1/2019,9/1/2023,FALSE
443,pu-bsse-443,Iqra Farooq,Female,20,2018,BSSE,1003,1,9/1/2018,9/1/2022,TRUE
444,pu-bscs-444,Usman Raza,Male,25,2021,BSCS,1003,1,9/1/2021,9/1/2025,TRUE
445,pu-bsit-445,Zainab Butt,Female,17,2019,BSIT,1001,1,9/1/2019,9/1/2023,TRUE
446,pu-bsse-446,Fatima Farooq,Female,25,2020,BSSE,1004,3,9/1/2020,9/1/2024,FALSE
447,pu-bsit-447,Maham Butt,Female,18,2019,BSIT,1002,2,9/1/2019,9/1/2023,TRUE
448,pu-bsse-448,Fatima Siddiqui,Female,20,2021,BSSE,1004,3,9/1/2021,9/1/2025,TRUE
449,pu-bsit-449,Ayesha Butt,Female,25,2019,BSIT,1001,1,9/1/2019,9/1/2023,FALSE
450,pu-bsit-450,Iqra Raza,Female,25,2020,BSIT,1001,1,9/1/2020,9/1/2024,FALSE
451,pu-bsse-451,Noman Khan,Male,23,2018,BSSE,1004,3,9/1/2018,9/1/2022,TRUE
452,pu-bsit-452,Maham Qureshi,Female,25,2019,BSIT,1003,1,9/1/2019,9/1/2023,FALSE
453,pu-bscs-453,Maham Chaudhry,Female,25,2018,BSCS,1002,2,9/1/2018,9/1/2022,FALSE
454,pu-bscs-454,Maryam Chaudhry,Female,19,2018,BSCS,1003,1,9/1/2018,9/1/2022,TRUE
455,pu-bsit-455,Zain Siddiqui,Male,22,2021,BSIT,1001,1,9/1/2021,9/1/2025,FALSE
456,pu-bsse-456,Zain Malik,Male,20,2020,BSSE,1004,3,9/1/2020,9/1/2024,TRUE
457,pu-bscs-457,Ayesha Butt,Female,23,2018,BSCS,1004,3,9/1/2018,9/1/2022,TRUE
458,pu-bscs-458,Noman Javed,Male,18,2019,BSCS,1004,3,9/1/2019,9/1/2023,FALSE
459,pu-bsit-459,Zainab Raza,Female,25,2021,BSIT,1003,1,9/1/2021,9/1/2025,FALSE
460,pu-bsit-460,Hira Raza,Female,24,2018,BSIT,1001,1,9/1/2018,9/1/2022,TRUE
461,pu-bsse-461,Fahad Malik,Male,17,2021,BSSE,1002,2,9/1/2021,9/1/2025,TRUE
462,pu-bsit-462,Ali Raza,Male,23,2020,BSIT,1004,3,9/1/2020,9/1/2024,TRUE
463,pu-bscs-463,Zainab Farooq,Female,23,2019,BSCS,1002,2,9/1/2019,9/1/2023,TRUE
464,pu-bsit-464,Nimra Raza,Female,18,2021,BSIT,1004,3,9/1/2021,9/1/2025,FALSE
465,pu-bsit-465,Usman Malik,Male,19,2021,BSIT,1001,1,9/1/2021,9/1/2025,TRUE
466,pu-bsse-466,Hira Sheikh,Female,18,2019,BSSE,1004,3,9/1/2019,9/1/2023,TRUE
467,pu-bsse-467,Usman Malik,Male,21,2019,BSSE,1001,1,9/1/2019,9/1/2023,TRUE
468,pu-bsit-468,Laiba Farooq,Female,23,2018,BSIT,1003,1,9/1/2018,9/1/2022,TRUE
469,pu-bsse-469,Zain Malik,Male,18,2018,BSSE,1003,1,9/1/2018,9/1/2022,TRUE
470,pu-bscs-470,Maham Javed,Female,20,2020,BSCS,1002,2,9/1/2020,9/1/2024,TRUE
471,pu-bsse-471,Maryam Khan,Female,21,2020,BSSE,1002,2,9/1/2020,9/1/2024,FALSE
472,pu-bsse-472,Saad Siddiqui,Male,20,2021,BSSE,1001,1,9/1/2021,9/1/2025,TRUE
473,pu-bsse-473,Noman Khan,Male,18,2019,BSSE,1002,2,9/1/2019,9/1/2023,TRUE
474,pu-bscs-474,Hassan Malik,Male,18,2021,BSCS,1001,1,9/1/2021,9/1/2025,TRUE
475,pu-bsit-475,Saad Siddiqui,Male,23,2019,BSIT,1004,3,9/1/2019,9/1/2023,TRUE
476,pu-bsse-476,Usman Chaudhry,Male,20,2019,BSSE,1003,1,9/1/2019,9/1/2023,TRUE
477,pu-bsse-477,Noman Siddiqui,Male,24,2020,BSSE,1003,1,9/1/2020,9/1/2024,FALSE
478,pu-bscs-478,Iqra Butt,Female,22,2019,BSCS,1002,2,9/1/2019,9/1/2023,FALSE
479,pu-bsse-479,Hassan Sheikh,Male,17,2019,BSSE,1001,1,9/1/2019,9/1/2023,TRUE
480,pu-bsse-480,Ali Butt,Male,18,2018,BSSE,1003,1,9/1/2018,9/1/2022,TRUE
481,pu-bscs-481,Maham Chaudhry,Female,18,2020,BSCS,1002,2,9/1/2020,9/1/2024,FALSE
482,pu-bsse-482,Zain Siddiqui,Male,19,2021,BSSE,1003,1,9/1/2021,9/1/2025,TRUE
483,pu-bscs-483,Hira Javed,Female,22,2019,BSCS,1002,2,9/1/2019,9/1/2023,TRUE
484,pu-bsit-484,Usman Farooq,Male,25,2018,BSIT,1003,1,9/1/2018,9/1/2022,TRUE
485,pu-bsit-485,Sana Javed,Female,24,2018,BSIT,1004,3,9/1/2018,9/1/2022,FALSE
486,pu-bscs-486,Nimra Farooq,Female,24,2019,BSCS,1004,3,9/1/2019,9/1/2023,TRUE
487,pu-bsit-487,Nimra Malik,Female,24,2019,BSIT,1002,2,9/1/2019,9/1/2023,TRUE
488,pu-bsit-488,Fahad Khan,Male,18,2019,BSIT,1003,1,9/1/2019,9/1/2023,TRUE
489,pu-bsit-489,Saad Chaudhry,Male,18,2018,BSIT,1001,1,9/1/2018,9/1/2022,FALSE
490,pu-bscs-490,Laiba Siddiqui,Female,21,2020,BSCS,1001,1,9/1/2020,9/1/2024,FALSE
491,pu-bscs-491,Usman Malik,Male,20,2020,BSCS,1002,2,9/1/2020,9/1/2024,TRUE
492,pu-bsse-492,Saad Khan,Male,17,2021,BSSE,1003,1,9/1/2021,9/1/2025,FALSE
493,pu-bscs-493,Zain Chaudhry,Male,19,2019,BSCS,1004,3,9/1/2019,9/1/2023,TRUE
494,pu-bsit-494,Rizwan Qureshi,Male,23,2018,BSIT,1003,1,9/1/2018,9/1/2022,FALSE
495,pu-bsit-495,Sana Malik,Female,17,2020,BSIT,1004,3,9/1/2020,9/1/2024,FALSE
496,pu-bscs-496,Maryam Malik,Female,23,2021,BSCS,1002,2,9/1/2021,9/1/2025,TRUE
497,pu-bsse-497,Laiba Raza,Female,21,2020,BSSE,1001,1,9/1/2020,9/1/2024,FALSE
498,pu-bscs-498,Ali Sheikh,Male,17,2021,BSCS,1004,3,9/1/2021,9/1/2025,FALSE
499,pu-bsit-499,Usman Qureshi,Male,23,2019,BSIT,1002,2,9/1/2019,9/1/2023,TRUE
500,pu-bscs-500,Laiba Sheikh,Female,20,2021,BSCS,1003,1,9/1/2021,9/1/2025,TRUE
